crop_id,crop_name,nitrogen_min,nitrogen_max,phosphorus_min,phosphorus_max,potassium_min,potassium_max,ph_min,ph_max,water_requirement,rain_dependency,market_volatility,average_yield,growing_period,suitable_soil_types
rice,Rice,100,200,15,40,100,200,5.5,7.5,High,True,Low,25,120,"Loamy,Clay"
wheat,Wheat,80,150,20,45,80,160,6.0,7.5,Medium,False,Low,30,140,"Loamy,Sandy"
cotton,Cotton,60,120,15,35,60,120,6.0,8.0,Medium,False,High,15,180,"Sandy,Loamy"
maize,Maize,100,180,20,40,80,150,5.8,7.0,Medium,True,Medium,40,100,"Loamy,Sandy"
sugarcane,Sugarcane,120,250,25,50,100,200,6.0,7.5,High,True,Low,80,300,"Loamy,Clay"
groundnut,Groundnut,20,60,20,45,30,80,6.0,7.5,Low,False,Medium,12,110,"Sandy,Loamy"
soybean,Soybean,20,80,20,40,40,100,6.0,7.5,Medium,True,Medium,18,100,"Loamy,Clay"
chickpea,Chickpea,20,60,15,35,30,80,6.0,8.0,Low,False,Low,10,100,"Loamy,Sandy"
pigeon_pea,Pigeon Pea,20,50,15,30,30,70,6.0,8.0,Low,False,Low,12,120,"Loamy,Sandy"
barley,Barley,60,120,15,35,60,120,6.0,8.0,Low,False,Low,25,110,"Loamy,Sandy"
millet,Millet,40,80,10,25,40,80,5.5,7.5,Low,False,Low,15,90,"Sandy,Loamy"
sorghum,Sorghum,60,100,15,30,60,100,5.8,7.5,Low,False,Medium,20,100,"Loamy,Clay"
rape_seed,Rape Seed,60,100,15,30,60,100,6.0,7.5,Medium,False,Medium,12,100,"Loamy,Clay"
sunflower,Sunflower,40,80,15,35,40,80,6.0,7.5,Medium,False,Medium,15,100,"Loamy,Sandy"
sesame,Sesame,30,60,10,25,30,60,6.0,7.5,Low,False,High,8,90,"Sandy,Loamy"
castor,Castor,40,80,15,30,40,80,5.5,7.5,Low,False,Medium,10,120,"Loamy,Sandy"
tobacco,Tobacco,80,120,20,40,80,120,5.5,6.5,Medium,False,High,15,90,"Sandy,Loamy"
chillies,Chillies,100,150,20,40,100,150,6.0,7.5,Medium,False,High,10,120,"Loamy,Sandy"
turmeric,Turmeric,100,150,25,45,100,150,5.5,7.5,High,False,Medium,20,240,"Loamy,Clay"
ginger,Ginger,80,120,20,40,80,120,5.5,7.0,High,False,Medium,15,200,"Loamy,Sandy"
