timestamp,farmer_id,sensor_id,temperature_c,humidity_percent,soil_moisture_percent,ph_level,nitrogen_kg_ha,pump_status,rainfall_mm,solar_radiation_wm2
2026-03-24T06:00:00Z,FARM001,SENSOR001,24.5,72,42,6.5,125,OFF,0,0
2026-03-24T07:00:00Z,FARM001,SENSOR001,25.2,70,41,6.5,125,OFF,0,150
2026-03-24T08:00:00Z,FARM001,SENSOR001,26.8,68,40,6.5,125,OFF,0,320
2026-03-24T09:00:00Z,FARM001,SENSOR001,28.5,65,39,6.5,125,OFF,0,480
2026-03-24T10:00:00Z,FARM001,SENSOR001,30.2,62,38,6.5,125,OFF,0,620
2026-03-24T11:00:00Z,FARM001,SENSOR001,31.8,60,37,6.5,125,OFF,0,720
2026-03-24T12:00:00Z,FARM001,SENSOR001,33.2,58,36,6.5,125,OFF,0,780
2026-03-24T13:00:00Z,FARM001,SENSOR001,34.5,56,35,6.5,125,ON,0,750
2026-03-24T14:00:00Z,FARM001,SENSOR001,35.2,55,34,6.5,125,ON,0,680
2026-03-24T15:00:00Z,FARM001,SENSOR001,34.8,57,35,6.5,125,ON,0,580
2026-03-24T16:00:00Z,FARM001,SENSOR001,33.5,60,36,6.5,125,OFF,0,420
2026-03-24T17:00:00Z,FARM001,SENSOR001,31.2,63,37,6.5,125,OFF,0,250
2026-03-24T18:00:00Z,FARM001,SENSOR001,28.5,68,38,6.5,125,OFF,0,80
2026-03-24T19:00:00Z,FARM001,SENSOR001,26.8,72,39,6.5,125,OFF,0,0
2026-03-24T20:00:00Z,FARM001,SENSOR001,25.5,75,40,6.5,125,OFF,0,0
2026-03-24T21:00:00Z,FARM001,SENSOR001,24.8,78,41,6.5,125,OFF,0,0
2026-03-24T06:00:00Z,FARM002,SENSOR002,23.8,75,48,6.8,118,OFF,0,0
2026-03-24T07:00:00Z,FARM002,SENSOR002,24.5,73,47,6.8,118,OFF,0,145
2026-03-24T08:00:00Z,FARM002,SENSOR002,26.2,70,46,6.8,118,OFF,0,315
2026-03-24T09:00:00Z,FARM002,SENSOR002,28.0,67,45,6.8,118,OFF,0,475
2026-03-24T10:00:00Z,FARM002,SENSOR002,29.8,64,44,6.8,118,OFF,0,615
2026-03-24T11:00:00Z,FARM002,SENSOR002,31.5,61,43,6.8,118,OFF,0,715
2026-03-24T12:00:00Z,FARM002,SENSOR002,32.8,59,42,6.8,118,OFF,0,775
2026-03-24T13:00:00Z,FARM002,SENSOR002,34.0,57,41,6.8,118,OFF,0,745
2026-03-24T14:00:00Z,FARM002,SENSOR002,34.8,56,40,6.8,118,OFF,0,675
2026-03-24T15:00:00Z,FARM002,SENSOR002,34.2,58,41,6.8,118,OFF,0,575
2026-03-24T16:00:00Z,FARM002,SENSOR002,33.0,61,42,6.8,118,OFF,0,415
2026-03-24T17:00:00Z,FARM002,SENSOR002,30.8,65,43,6.8,118,OFF,0,245
2026-03-24T18:00:00Z,FARM002,SENSOR002,28.2,70,44,6.8,118,OFF,0,75
2026-03-24T19:00:00Z,FARM002,SENSOR002,26.5,74,45,6.8,118,OFF,0,0
2026-03-24T20:00:00Z,FARM002,SENSOR002,25.2,77,46,6.8,118,OFF,0,0
2026-03-24T21:00:00Z,FARM002,SENSOR002,24.5,80,47,6.8,118,OFF,0,0
